uid,correct,time,style,correctI,correctS,device,csexp,
0,true,2290.899999976158,camelcase,1,event bus,trackpad,yes,
0,true,2543,camelcase,2,add event listener,trackpad,yes,
0,true,2882.899999976158,kebabcase,3,get by class,trackpad,yes,
0,true,3113.600000023842,kebabcase,0,cookie clicker,trackpad,yes,
0,true,1996.1000000238419,camelcase,0,word array,trackpad,yes,
0,true,4743.100000023842,camelcase,2,is outer face,trackpad,yes,
0,true,5867.400000035763,camelcase,2,ruby is cool,trackpad,yes,
0,true,2795.400000035763,camelcase,3,orientation test,trackpad,yes,
0,true,4213,kebabcase,2,move over there,trackpad,yes,
0,true,4065.5,camelcase,1,conjugate gradient descent,trackpad,yes,
0,true,5974.199999988079,kebabcase,1,medial axis transform,trackpad,yes,
0,true,11521.199999988079,camelcase,2,large data set,trackpad,yes,
0,true,5855,kebabcase,1,feedforward neural network,trackpad,yes,
0,true,5687.5,kebabcase,3,counter clockwise,trackpad,yes,
0,true,3619.199999988079,kebabcase,3,origin point,trackpad,yes,
0,true,4107.300000011921,kebabcase,2,euclidean distance,trackpad,yes,
0,true,3788.599999964237,camelcase,1,turing machine,trackpad,yes,
0,true,3283.100000023842,camelcase,0,singleton factory,trackpad,yes,
0,true,10680.400000035763,kebabcase,0,train test split,trackpad,yes,
0,true,3440.100000023842,kebabcase,3,up down right,trackpad,yes,
0,true,8572.899999976158,kebabcase,0,delaunay triangulation,trackpad,yes,
0,true,3578,camelcase,1,sin cos tan,trackpad,yes,
0,true,11082.899999976158,camelcase,0,new fixed thread pool,trackpad,yes,
0,true,9151.299999952316,kebabcase,3,terminate experiment!,trackpad,yes,
1,true,4060.399999856949,camelcase,1,event bus,touch,no,
1,true,9677.5,camelcase,2,add event listener,touch,no,
1,true,4171.599999904633,kebabcase,3,get by class,touch,no,
1,true,23412.599999904633,kebabcase,0,cookie clicker,touch,no,
1,true,7311.900000095367,camelcase,0,word array,touch,no,
1,false,33423.200000047684,camelcase,2,is outer face,touch,no,
1,true,3525,camelcase,2,ruby is cool,touch,no,
1,true,7639.900000095367,camelcase,3,orientation test,touch,no,
1,true,5302.799999952316,kebabcase,2,move over there,touch,no,
1,true,16439.89999985695,camelcase,1,conjugate gradient descent,touch,no,
1,false,9902.900000095367,kebabcase,1,medial axis transform,touch,no,
1,false,8578.099999904633,camelcase,2,large data set,touch,no,
1,true,8895.900000095367,kebabcase,1,feedforward neural network,touch,no,
1,true,10501.200000047684,kebabcase,3,counter clockwise,touch,no,
1,true,4355.099999904633,kebabcase,3,origin point,touch,no,
1,true,18412.5,kebabcase,2,euclidean distance,touch,no,
1,true,4354.400000095367,camelcase,1,turing machine,touch,no,
1,true,6308.200000047684,camelcase,0,singleton factory,touch,no,
1,true,4960.299999952316,kebabcase,0,train test split,touch,no,
1,true,3818.0999999046326,kebabcase,3,up down right,touch,no,
1,true,6802.700000047684,kebabcase,0,delaunay triangulation,touch,no,
1,true,4083.5,camelcase,1,sin cos tan,touch,no,
1,true,14563.399999856949,camelcase,0,new fixed thread pool,touch,no,
1,true,10752,kebabcase,3,terminate experiment!,touch,no,
2,true,2248.4000000059605,camelcase,0,event bus,trackpad,yes,
2,true,5678.899999976158,camelcase,3,add event listener,trackpad,yes,
2,true,2396.5,kebabcase,3,get by class,trackpad,yes,
2,true,2763.5999999940395,kebabcase,1,cookie clicker,trackpad,yes,
2,true,1537.5999999940395,camelcase,0,word array,trackpad,yes,
2,false,2200,camelcase,0,is outer face,trackpad,yes,
2,true,3958.800000011921,camelcase,3,ruby is cool,trackpad,yes,
2,true,1980.699999988079,camelcase,1,orientation test,trackpad,yes,
2,true,3355.5,kebabcase,3,move over there,trackpad,yes,
2,true,3454.800000011921,camelcase,1,conjugate gradient descent,trackpad,yes,
2,true,8996.299999982119,kebabcase,2,medial axis transform,trackpad,yes,
2,true,2477,camelcase,0,large data set,trackpad,yes,
2,true,5302.4000000059605,kebabcase,3,feedforward neural network,trackpad,yes,
2,false,3200.7999999821186,kebabcase,3,counter clockwise,trackpad,yes,
2,true,1882.7000000178814,kebabcase,2,origin point,trackpad,yes,
2,true,5890.200000017881,kebabcase,2,euclidean distance,trackpad,yes,
2,true,2517.5,camelcase,2,turing machine,trackpad,yes,
2,true,3716.100000023842,camelcase,1,singleton factory,trackpad,yes,
2,true,3607.800000011921,kebabcase,0,train test split,trackpad,yes,
2,true,2648.2999999821186,kebabcase,0,up down right,trackpad,yes,
2,true,5074.5999999940395,kebabcase,1,delaunay triangulation,trackpad,yes,
2,true,3552.300000011921,camelcase,1,sin cos tan,trackpad,yes,
2,false,22472.90000000596,camelcase,2,new fixed thread pool,trackpad,yes,
2,true,9557.09999999404,kebabcase,2,terminate experiment!,trackpad,yes,
3,true,2945,kebabcase,1,event bus,mouse,yes,
3,true,1988,kebabcase,2,add event listener,mouse,yes,
3,true,3170,camelcase,3,get by class,mouse,yes,
3,true,3143,camelcase,0,cookie clicker,mouse,yes,
3,true,2722,kebabcase,0,word array,mouse,yes,
3,true,4132,kebabcase,2,is outer face,mouse,yes,
3,true,2095,kebabcase,2,ruby is cool,mouse,yes,
3,true,2220.0000000000073,kebabcase,3,orientation test,mouse,yes,
3,true,2296.0000000000073,camelcase,2,move over there,mouse,yes,
3,true,3286,kebabcase,1,conjugate gradient descent,mouse,yes,
3,true,6972,camelcase,1,medial axis transform,mouse,yes,
3,true,6760,kebabcase,2,large data set,mouse,yes,
3,true,6863,camelcase,1,feedforward neural network,mouse,yes,
3,false,6542,camelcase,3,counter clockwise,mouse,yes,
3,false,2832,camelcase,3,origin point,mouse,yes,
3,true,5988,camelcase,2,euclidean distance,mouse,yes,
3,true,1867.0000000000146,kebabcase,1,turing machine,mouse,yes,
3,true,2162.0000000000146,kebabcase,0,singleton factory,mouse,yes,
3,true,1596,camelcase,0,train test split,mouse,yes,
3,true,2646,camelcase,3,up down right,mouse,yes,
3,true,3636,camelcase,0,delaunay triangulation,mouse,yes,
3,false,2559.0000000000146,kebabcase,1,sin cos tan,mouse,yes,
3,true,2578,kebabcase,0,new fixed thread pool,mouse,yes,
3,true,6562.000000000015,camelcase,3,terminate experiment!,mouse,yes,
4,true,2446,kebabcase,0,event bus,mouse,yes,
4,true,3938,kebabcase,3,add event listener,mouse,yes,
4,true,3390,camelcase,3,get by class,mouse,yes,
4,true,5159,camelcase,1,cookie clicker,mouse,yes,
4,true,2092.9999999999927,kebabcase,0,word array,mouse,yes,
4,true,3058.9999999999927,kebabcase,0,is outer face,mouse,yes,
4,true,2821,kebabcase,3,ruby is cool,mouse,yes,
4,true,2693,kebabcase,1,orientation test,mouse,yes,
4,true,3097,camelcase,3,move over there,mouse,yes,
4,true,4462.999999999993,kebabcase,1,conjugate gradient descent,mouse,yes,
4,true,1673,camelcase,2,medial axis transform,mouse,yes,
4,true,1570,kebabcase,0,large data set,mouse,yes,
4,true,6405,camelcase,3,feedforward neural network,mouse,yes,
4,true,4635,camelcase,3,counter clockwise,mouse,yes,
4,true,3105,camelcase,2,origin point,mouse,yes,
4,true,3751,camelcase,2,euclidean distance,mouse,yes,
4,true,1515,kebabcase,2,turing machine,mouse,yes,
4,true,2010,kebabcase,1,singleton factory,mouse,yes,
4,true,3113,camelcase,0,train test split,mouse,yes,
4,true,1793,camelcase,0,up down right,mouse,yes,
4,true,10500.999999999985,camelcase,1,delaunay triangulation,mouse,yes,
4,true,4081,kebabcase,1,sin cos tan,mouse,yes,
4,false,9413,kebabcase,2,new fixed thread pool,mouse,yes,
4,true,5594,camelcase,2,terminate experiment!,mouse,yes,
5,true,2056,camelcase,1,event bus,mouse,no,
5,true,2820,camelcase,2,add event listener,mouse,no,
5,true,2050,kebabcase,3,get by class,mouse,no,
5,true,2596,kebabcase,0,cookie clicker,mouse,no,
5,true,3109,camelcase,0,word array,mouse,no,
5,false,3997,camelcase,2,is outer face,mouse,no,
5,true,4234,camelcase,2,ruby is cool,mouse,no,
5,true,2427,camelcase,3,orientation test,mouse,no,
5,true,2902,kebabcase,2,move over there,mouse,no,
5,true,6839,camelcase,1,conjugate gradient descent,mouse,no,
5,true,4389,kebabcase,1,medial axis transform,mouse,no,
5,false,3806,camelcase,2,large data set,mouse,no,
5,true,7538,kebabcase,1,feedforward neural network,mouse,no,
5,false,2726,kebabcase,3,counter clockwise,mouse,no,
5,true,2240,kebabcase,3,origin point,mouse,no,
5,false,4459,kebabcase,2,euclidean distance,mouse,no,
5,true,2235,camelcase,1,turing machine,mouse,no,
5,true,1949,camelcase,0,singleton factory,mouse,no,
5,true,1547,kebabcase,0,train test split,mouse,no,
5,true,1463,kebabcase,3,up down right,mouse,no,
5,true,3083,kebabcase,0,delaunay triangulation,mouse,no,
5,true,1807,camelcase,1,sin cos tan,mouse,no,
5,true,4589,camelcase,0,new fixed thread pool,mouse,no,
5,true,3824,kebabcase,3,terminate experiment!,mouse,no,
6,true,27660,camelcase,1,event bus,mouse,yes,
6,true,5349,camelcase,2,add event listener,mouse,yes,
6,true,3782,kebabcase,3,get by class,mouse,yes,
6,true,3021,kebabcase,0,cookie clicker,mouse,yes,
6,true,3950,camelcase,0,word array,mouse,yes,
6,true,7070,camelcase,2,is outer face,mouse,yes,
6,true,3945,camelcase,2,ruby is cool,mouse,yes,
6,true,5588,camelcase,3,orientation test,mouse,yes,
6,true,7989,kebabcase,2,move over there,mouse,yes,
6,true,7113,camelcase,1,conjugate gradient descent,mouse,yes,
6,true,8042,kebabcase,1,medial axis transform,mouse,yes,
6,false,11291,camelcase,2,large data set,mouse,yes,
6,true,12208,kebabcase,1,feedforward neural network,mouse,yes,
6,false,5949,kebabcase,3,counter clockwise,mouse,yes,
6,true,2480,kebabcase,3,origin point,mouse,yes,
6,true,9391,kebabcase,2,euclidean distance,mouse,yes,
6,true,3886,camelcase,1,turing machine,mouse,yes,
6,true,2911,camelcase,0,singleton factory,mouse,yes,
6,true,4491,kebabcase,0,train test split,mouse,yes,
6,true,3437,kebabcase,3,up down right,mouse,yes,
6,true,3932,kebabcase,0,delaunay triangulation,mouse,yes,
6,true,3135,camelcase,1,sin cos tan,mouse,yes,
6,true,2686,camelcase,0,new fixed thread pool,mouse,yes,
6,true,9231,kebabcase,3,terminate experiment!,mouse,yes,
7,true,1687.9000000953674,camelcase,0,event bus,mouse,yes,
7,true,5615.899999856949,camelcase,3,add event listener,mouse,yes,
7,true,3768.0999999046326,kebabcase,3,get by class,mouse,yes,
7,true,4599.700000047684,kebabcase,1,cookie clicker,mouse,yes,
7,true,2840.100000143051,camelcase,0,word array,mouse,yes,
7,false,8272.399999856949,camelcase,0,is outer face,mouse,yes,
7,true,4336.099999904633,camelcase,3,ruby is cool,mouse,yes,
7,true,3008.100000143051,camelcase,1,orientation test,mouse,yes,
7,true,3912,kebabcase,3,move over there,mouse,yes,
7,true,8552,camelcase,1,conjugate gradient descent,mouse,yes,
7,true,4504.400000095367,kebabcase,2,medial axis transform,mouse,yes,
7,false,6159.699999809265,camelcase,0,large data set,mouse,yes,
7,true,8336.099999904633,kebabcase,3,feedforward neural network,mouse,yes,
7,true,6527.700000047684,kebabcase,3,counter clockwise,mouse,yes,
7,true,2816.2999999523163,kebabcase,2,origin point,mouse,yes,
7,true,6904.200000047684,kebabcase,2,euclidean distance,mouse,yes,
7,true,2599.9000000953674,camelcase,2,turing machine,mouse,yes,
7,true,3608.2000000476837,camelcase,1,singleton factory,mouse,yes,
7,true,2928.2000000476837,kebabcase,0,train test split,mouse,yes,
7,true,3480,kebabcase,0,up down right,mouse,yes,
7,true,5416.900000095367,kebabcase,1,delaunay triangulation,mouse,yes,
7,true,3008.100000143051,camelcase,1,sin cos tan,mouse,yes,
7,false,5936.400000095367,camelcase,2,new fixed thread pool,mouse,yes,
7,true,3647.9000000953674,kebabcase,2,terminate experiment!,mouse,yes,
8,true,43784.09999999986,kebabcase,1,event bus,mouse,yes,
8,true,17656.5,kebabcase,2,add event listener,mouse,yes,
8,true,7144.200000000186,camelcase,3,get by class,mouse,yes,
8,true,10968.199999999953,camelcase,0,cookie clicker,mouse,yes,
8,true,7976.199999999953,kebabcase,0,word array,mouse,yes,
8,true,19256,kebabcase,2,is outer face,mouse,yes,
8,true,18296.09999999986,kebabcase,2,ruby is cool,mouse,yes,
8,true,10880,kebabcase,3,orientation test,mouse,yes,
8,true,12488,camelcase,2,move over there,mouse,yes,
8,true,15664.299999999814,kebabcase,1,conjugate gradient descent,mouse,yes,
8,true,19783.899999999907,camelcase,1,medial axis transform,mouse,yes,
8,true,31848.40000000014,kebabcase,2,large data set,mouse,yes,
8,true,25888.100000000093,camelcase,1,feedforward neural network,mouse,yes,
8,false,35072.19999999995,camelcase,3,counter clockwise,mouse,yes,
8,true,11183.800000000047,camelcase,3,origin point,mouse,yes,
8,true,37584,camelcase,2,euclidean distance,mouse,yes,
8,true,6864.09999999986,kebabcase,1,turing machine,mouse,yes,
8,true,12712.200000000186,kebabcase,0,singleton factory,mouse,yes,
8,true,22768.300000000047,camelcase,0,train test split,mouse,yes,
8,true,9248,camelcase,3,up down right,mouse,yes,
8,true,32391.899999999907,camelcase,0,delaunay triangulation,mouse,yes,
8,true,9543.5,kebabcase,1,sin cos tan,mouse,yes,
8,true,20936,kebabcase,0,new fixed thread pool,mouse,yes,
8,true,19184.100000000093,camelcase,3,terminate experiment!,mouse,yes,
9,true,1856,kebabcase,0,event bus,mouse,yes,
9,true,3424.0999999046326,kebabcase,3,add event listener,mouse,yes,
9,true,1341.5999999046326,camelcase,3,get by class,mouse,yes,
9,true,1832.2999999523163,camelcase,1,cookie clicker,mouse,yes,
9,true,2072.199999809265,kebabcase,0,word array,mouse,yes,
9,false,10913.100000143051,kebabcase,0,is outer face,mouse,yes,
9,true,2712.100000143051,kebabcase,3,ruby is cool,mouse,yes,
9,true,1984,kebabcase,1,orientation test,mouse,yes,
9,true,2008.2000000476837,camelcase,3,move over there,mouse,yes,
9,true,6111.5,kebabcase,1,conjugate gradient descent,mouse,yes,
9,true,7552.100000143051,camelcase,2,medial axis transform,mouse,yes,
9,false,2871.9000000953674,kebabcase,0,large data set,mouse,yes,
9,true,6576.099999904633,camelcase,3,feedforward neural network,mouse,yes,
9,true,1542.0999999046326,camelcase,3,counter clockwise,mouse,yes,
9,true,2638.5,camelcase,2,origin point,mouse,yes,
9,true,1830.6000001430511,camelcase,2,euclidean distance,mouse,yes,
9,true,3704,kebabcase,2,turing machine,mouse,yes,
9,true,3216,kebabcase,1,singleton factory,mouse,yes,
9,true,5471.700000047684,camelcase,0,train test split,mouse,yes,
9,true,1656.1000001430511,camelcase,0,up down right,mouse,yes,
9,true,6600.200000047684,camelcase,1,delaunay triangulation,mouse,yes,
9,true,1400,kebabcase,1,sin cos tan,mouse,yes,
9,true,3016.100000143051,kebabcase,2,new fixed thread pool,mouse,yes,
9,true,4576.100000143051,camelcase,2,terminate experiment!,mouse,yes,
10,true,1514.5,camelcase,0,event bus,trackpad,yes,
10,true,1552.0999999996275,camelcase,3,add event listener,trackpad,yes,
10,true,2570.60000000149,kebabcase,3,get by class,trackpad,yes,
10,true,3447.2000000011176,kebabcase,1,cookie clicker,trackpad,yes,
10,true,1364,camelcase,0,word array,trackpad,yes,
10,true,2793.2000000011176,camelcase,0,is outer face,trackpad,yes,
10,true,2426.0999999996275,camelcase,3,ruby is cool,trackpad,yes,
10,false,1822.6000000014901,camelcase,1,orientation test,trackpad,yes,
10,true,1510.5999999996275,kebabcase,3,move over there,trackpad,yes,
10,true,3364.0999999996275,camelcase,1,conjugate gradient descent,trackpad,yes,
10,true,3501.199999999255,kebabcase,2,medial axis transform,trackpad,yes,
10,false,2415.9000000003725,camelcase,0,large data set,trackpad,yes,
10,true,4936.10000000149,kebabcase,3,feedforward neural network,trackpad,yes,
10,true,5347.300000000745,kebabcase,3,counter clockwise,trackpad,yes,
10,true,2378.4000000003725,kebabcase,2,origin point,trackpad,yes,
10,true,2439.699999999255,kebabcase,2,euclidean distance,trackpad,yes,
10,true,2097.2999999988824,camelcase,2,turing machine,trackpad,yes,
10,true,3415.300000000745,camelcase,1,singleton factory,trackpad,yes,
10,true,2225.300000000745,kebabcase,0,train test split,trackpad,yes,
10,true,1710.2000000011176,kebabcase,0,up down right,trackpad,yes,
10,true,6300,kebabcase,1,delaunay triangulation,trackpad,yes,
10,true,3369.2000000011176,camelcase,1,sin cos tan,trackpad,yes,
10,false,3235.2000000011176,camelcase,2,new fixed thread pool,trackpad,yes,
10,true,2789.5,kebabcase,2,terminate experiment!,trackpad,yes,
11,true,1415.5999999046326,camelcase,0,event bus,mouse,no,
11,false,1615.0999999046326,camelcase,3,add event listener,mouse,no,
11,true,2376.199999809265,kebabcase,3,get by class,mouse,no,
11,true,3008.2999997138977,kebabcase,1,cookie clicker,mouse,no,
11,true,2384,camelcase,0,word array,mouse,no,
11,false,3431.7999997138977,camelcase,0,is outer face,mouse,no,
11,true,2584,camelcase,3,ruby is cool,mouse,no,
11,true,3862.9000000953674,camelcase,1,orientation test,mouse,no,
11,true,3072,kebabcase,3,move over there,mouse,no,
11,true,6511.900000095367,camelcase,1,conjugate gradient descent,mouse,no,
11,true,3375.800000190735,kebabcase,2,medial axis transform,mouse,no,
11,false,5136.199999809265,camelcase,0,large data set,mouse,no,
11,true,5320.099999904633,kebabcase,3,feedforward neural network,mouse,no,
11,false,1704.0999999046326,kebabcase,3,counter clockwise,mouse,no,
11,false,2336.0999999046326,kebabcase,2,origin point,mouse,no,
11,true,5008.300000190735,kebabcase,2,euclidean distance,mouse,no,
11,true,3263.699999809265,camelcase,2,turing machine,mouse,no,
11,true,4320.400000095367,camelcase,1,singleton factory,mouse,no,
11,true,3048.5,kebabcase,0,train test split,mouse,no,
11,true,2064.199999809265,kebabcase,0,up down right,mouse,no,
11,true,3056,kebabcase,1,delaunay triangulation,mouse,no,
11,true,2904.5,camelcase,1,sin cos tan,mouse,no,
11,true,3552.2999997138977,camelcase,2,new fixed thread pool,mouse,no,
11,true,3136.7000002861023,kebabcase,2,terminate experiment!,mouse,no,
12,true,2239.699999988079,kebabcase,1,event bus,trackpad,yes,
12,true,3568.599999964237,kebabcase,2,add event listener,trackpad,yes,
12,true,3074.199999988079,camelcase,3,get by class,trackpad,yes,
12,true,2336.899999976158,camelcase,0,cookie clicker,trackpad,yes,
12,true,1344.699999988079,kebabcase,0,word array,trackpad,yes,
12,true,3991,kebabcase,2,is outer face,trackpad,yes,
12,true,1987.9000000357628,kebabcase,2,ruby is cool,trackpad,yes,
12,true,3104.5,kebabcase,3,orientation test,trackpad,yes,
12,true,1847.9000000357628,camelcase,2,move over there,trackpad,yes,
12,true,2289.699999988079,kebabcase,1,conjugate gradient descent,trackpad,yes,
12,false,2012,camelcase,1,medial axis transform,trackpad,yes,
12,true,5865.5,kebabcase,2,large data set,trackpad,yes,
12,true,3665.099999964237,camelcase,1,feedforward neural network,trackpad,yes,
12,false,3185.600000023842,camelcase,3,counter clockwise,trackpad,yes,
12,true,2834.099999964237,camelcase,3,origin point,trackpad,yes,
12,false,2410.300000011921,camelcase,2,euclidean distance,trackpad,yes,
12,true,2402.699999988079,kebabcase,1,turing machine,trackpad,yes,
12,true,1444.800000011921,kebabcase,0,singleton factory,trackpad,yes,
12,true,2460.600000023842,camelcase,0,train test split,trackpad,yes,
12,true,3431,camelcase,3,up down right,trackpad,yes,
12,true,2386,camelcase,0,delaunay triangulation,trackpad,yes,
12,true,2631.199999988079,kebabcase,1,sin cos tan,trackpad,yes,
12,true,1824.5,kebabcase,0,new fixed thread pool,trackpad,yes,
12,true,3152.800000011921,camelcase,3,terminate experiment!,trackpad,yes,
13,true,2709.100000000093,kebabcase,0,event bus,trackpad,yes,
13,true,3357.5999999996275,kebabcase,3,add event listener,trackpad,yes,
13,true,2007.4000000003725,camelcase,3,get by class,trackpad,yes,
13,false,1805.3999999999069,camelcase,1,cookie clicker,trackpad,yes,
13,true,2098.600000000093,kebabcase,0,word array,trackpad,yes,
13,false,1174.6000000000931,kebabcase,0,is outer face,trackpad,yes,
13,false,1469.9000000003725,kebabcase,3,ruby is cool,trackpad,yes,
13,true,2417.3000000002794,kebabcase,1,orientation test,trackpad,yes,
13,true,3074.100000000093,camelcase,3,move over there,trackpad,yes,
13,true,4934.5,kebabcase,1,conjugate gradient descent,trackpad,yes,
13,true,5151.899999999907,camelcase,2,medial axis transform,trackpad,yes,
13,true,1373.1000000000931,kebabcase,0,large data set,trackpad,yes,
13,true,4042.7000000001863,camelcase,3,feedforward neural network,trackpad,yes,
13,true,1994.3000000002794,camelcase,3,counter clockwise,trackpad,yes,
13,false,2782.600000000093,camelcase,2,origin point,trackpad,yes,
13,true,2774.5,camelcase,2,euclidean distance,trackpad,yes,
13,true,1347.8000000002794,kebabcase,2,turing machine,trackpad,yes,
13,true,1247.6000000000931,kebabcase,1,singleton factory,trackpad,yes,
13,true,3784.2999999998137,camelcase,0,train test split,trackpad,yes,
13,true,3522.7999999998137,camelcase,0,up down right,trackpad,yes,
13,true,4676.200000000186,camelcase,1,delaunay triangulation,trackpad,yes,
13,true,3534.3000000002794,kebabcase,1,sin cos tan,trackpad,yes,
13,true,6487,kebabcase,2,new fixed thread pool,trackpad,yes,
13,true,2155.6999999997206,camelcase,2,terminate experiment!,trackpad,yes,
14,true,1163.8999999994412,camelcase,0,event bus,trackpad,yes,
14,false,1332.5,camelcase,3,add event listener,trackpad,yes,
14,true,1719.7999999998137,kebabcase,3,get by class,trackpad,yes,
14,true,3035.899999999441,kebabcase,1,cookie clicker,trackpad,yes,
14,true,1508.5,camelcase,0,word array,trackpad,yes,
14,true,3775.9000000003725,camelcase,0,is outer face,trackpad,yes,
14,true,2511.7000000001863,camelcase,3,ruby is cool,trackpad,yes,
14,false,2136.5,camelcase,1,orientation test,trackpad,yes,
14,true,1419.2000000001863,kebabcase,3,move over there,trackpad,yes,
14,false,1800.2000000001863,camelcase,1,conjugate gradient descent,trackpad,yes,
14,true,1273.7999999998137,kebabcase,2,medial axis transform,trackpad,yes,
14,false,1442.0999999996275,camelcase,0,large data set,trackpad,yes,
14,true,1435.5999999996275,kebabcase,3,feedforward neural network,trackpad,yes,
14,false,1881.0999999996275,kebabcase,3,counter clockwise,trackpad,yes,
14,true,1294.2999999998137,kebabcase,2,origin point,trackpad,yes,
14,true,1405.699999999255,kebabcase,2,euclidean distance,trackpad,yes,
14,true,1690.5,camelcase,2,turing machine,trackpad,yes,
14,true,2801.5,camelcase,1,singleton factory,trackpad,yes,
14,true,1133.5999999996275,kebabcase,0,train test split,trackpad,yes,
14,true,2464.7000000001863,kebabcase,0,up down right,trackpad,yes,
14,false,5788.299999999814,kebabcase,1,delaunay triangulation,trackpad,yes,
14,false,1896.2000000001863,camelcase,1,sin cos tan,trackpad,yes,
14,false,4404.399999999441,camelcase,2,new fixed thread pool,trackpad,yes,
14,false,4339.200000000186,kebabcase,2,terminate experiment!,trackpad,yes,
15,true,3395.300000011921,kebabcase,1,event bus,touch,yes,
15,false,2568.7000000476837,kebabcase,2,add event listener,touch,yes,
15,true,2590.7000000476837,camelcase,3,get by class,touch,yes,
15,true,2128,camelcase,0,cookie clicker,touch,yes,
15,true,2248,kebabcase,0,word array,touch,yes,
15,false,1625.800000011921,kebabcase,2,is outer face,touch,yes,
15,true,3399.5,kebabcase,2,ruby is cool,touch,yes,
15,false,2269.699999988079,kebabcase,3,orientation test,touch,yes,
15,true,3722.599999964237,camelcase,2,move over there,touch,yes,
15,true,4420.700000047684,kebabcase,1,conjugate gradient descent,touch,yes,
15,true,5918.300000011921,camelcase,1,medial axis transform,touch,yes,
15,false,4998.300000011921,kebabcase,2,large data set,touch,yes,
15,true,3546.099999964237,camelcase,1,feedforward neural network,touch,yes,
15,true,5074.900000035763,camelcase,3,counter clockwise,touch,yes,
15,false,3937.300000011921,camelcase,3,origin point,touch,yes,
15,true,7027.100000023842,camelcase,2,euclidean distance,touch,yes,
15,true,3251.399999976158,kebabcase,1,turing machine,touch,yes,
15,true,5171.599999964237,kebabcase,0,singleton factory,touch,yes,
15,true,2138.5,camelcase,0,train test split,touch,yes,
15,true,2680,camelcase,3,up down right,touch,yes,
15,true,3721.099999964237,camelcase,0,delaunay triangulation,touch,yes,
15,true,3061.699999988079,kebabcase,1,sin cos tan,touch,yes,
15,true,5118.199999988079,kebabcase,0,new fixed thread pool,touch,yes,
15,true,3257.900000035763,camelcase,3,terminate experiment!,touch,yes,
16,true,1327,kebabcase,0,event bus,mouse,yes,
16,true,2432,kebabcase,3,add event listener,mouse,yes,
16,true,1878,camelcase,3,get by class,mouse,yes,
16,true,1801,camelcase,1,cookie clicker,mouse,yes,
16,true,1648,kebabcase,0,word array,mouse,yes,
16,true,6680,kebabcase,0,is outer face,mouse,yes,
16,true,2369,kebabcase,3,ruby is cool,mouse,yes,
16,true,3778,kebabcase,1,orientation test,mouse,yes,
16,true,3620,camelcase,3,move over there,mouse,yes,
16,true,3173,kebabcase,1,conjugate gradient descent,mouse,yes,
16,true,3868,camelcase,2,medial axis transform,mouse,yes,
16,true,1450,kebabcase,0,large data set,mouse,yes,
16,true,7430,camelcase,3,feedforward neural network,mouse,yes,
16,false,2884,camelcase,3,counter clockwise,mouse,yes,
16,true,2258,camelcase,2,origin point,mouse,yes,
16,true,2923,camelcase,2,euclidean distance,mouse,yes,
16,true,1827,kebabcase,2,turing machine,mouse,yes,
16,true,2797,kebabcase,1,singleton factory,mouse,yes,
16,true,1900,camelcase,0,train test split,mouse,yes,
16,true,1306,camelcase,0,up down right,mouse,yes,
16,true,4210,camelcase,1,delaunay triangulation,mouse,yes,
16,true,1916,kebabcase,1,sin cos tan,mouse,yes,
16,true,3761,kebabcase,2,new fixed thread pool,mouse,yes,
16,true,3996,camelcase,2,terminate experiment!,mouse,yes,
17,true,3343.5,kebabcase,0,event bus,touch,yes,
17,true,4536.5,kebabcase,3,add event listener,touch,yes,
17,true,2701.300000011921,camelcase,3,get by class,touch,yes,
17,true,2130.7000000178814,camelcase,1,cookie clicker,touch,yes,
17,true,1762.5,kebabcase,0,word array,touch,yes,
17,true,1635.300000011921,kebabcase,0,is outer face,touch,yes,
17,true,1903.8999999761581,kebabcase,3,ruby is cool,touch,yes,
17,true,2636.5999999940395,kebabcase,1,orientation test,touch,yes,
17,true,2491.2000000178814,camelcase,3,move over there,touch,yes,
17,true,4316.5,kebabcase,1,conjugate gradient descent,touch,yes,
17,true,5015.100000023842,camelcase,2,medial axis transform,touch,yes,
17,true,1945.300000011921,kebabcase,0,large data set,touch,yes,
17,true,5808.5999999940395,camelcase,3,feedforward neural network,touch,yes,
17,false,5434.5,camelcase,3,counter clockwise,touch,yes,
17,true,4001,camelcase,2,origin point,touch,yes,
17,true,5236.899999976158,camelcase,2,euclidean distance,touch,yes,
17,true,3013.5999999940395,kebabcase,2,turing machine,touch,yes,
17,true,3448.300000011921,kebabcase,1,singleton factory,touch,yes,
17,true,3375.4000000059605,camelcase,0,train test split,touch,yes,
17,true,1727.4000000059605,camelcase,0,up down right,touch,yes,
17,true,3563.7000000178814,camelcase,1,delaunay triangulation,touch,yes,
17,true,2242.7000000178814,kebabcase,1,sin cos tan,touch,yes,
17,true,3910.4000000059605,kebabcase,2,new fixed thread pool,touch,yes,
17,true,4167.5999999940395,camelcase,2,terminate experiment!,touch,yes,
18,true,1523.300000000745,camelcase,1,event bus,mouse,yes,
18,false,1412.5,camelcase,2,add event listener,mouse,yes,
18,true,2556.400000002235,kebabcase,3,get by class,mouse,yes,
18,true,1654,kebabcase,0,cookie clicker,mouse,yes,
18,true,1718,camelcase,0,word array,mouse,yes,
18,false,1470,camelcase,2,is outer face,mouse,yes,
18,true,2421.900000002235,camelcase,2,ruby is cool,mouse,yes,
18,true,2437.400000002235,camelcase,3,orientation test,mouse,yes,
18,true,1681.699999999255,kebabcase,2,move over there,mouse,yes,
18,true,2211.800000000745,camelcase,1,conjugate gradient descent,mouse,yes,
18,true,3906.400000002235,kebabcase,1,medial axis transform,mouse,yes,
18,false,4100.800000000745,camelcase,2,large data set,mouse,yes,
18,true,3111.699999999255,kebabcase,1,feedforward neural network,mouse,yes,
18,true,4414,kebabcase,3,counter clockwise,mouse,yes,
18,true,2122.199999999255,kebabcase,3,origin point,mouse,yes,
18,true,1612.800000000745,kebabcase,2,euclidean distance,mouse,yes,
18,true,2228.7999999970198,camelcase,1,turing machine,mouse,yes,
18,true,2341.800000000745,camelcase,0,singleton factory,mouse,yes,
18,true,1259.9000000022352,kebabcase,0,train test split,mouse,yes,
18,true,2045.9000000022352,kebabcase,3,up down right,mouse,yes,
18,false,3544.60000000149,kebabcase,0,delaunay triangulation,mouse,yes,
18,true,2397.900000002235,camelcase,1,sin cos tan,mouse,yes,
18,true,2023.8999999985099,camelcase,0,new fixed thread pool,mouse,yes,
18,false,3052,kebabcase,3,terminate experiment!,mouse,yes,
19,true,1317,kebabcase,1,event bus,trackpad,no,
19,false,1630,kebabcase,2,add event listener,trackpad,no,
19,true,3108.0000000000146,camelcase,3,get by class,trackpad,no,
19,true,3371,camelcase,0,cookie clicker,trackpad,no,
19,true,1166,kebabcase,0,word array,trackpad,no,
19,false,2261,kebabcase,2,is outer face,trackpad,no,
19,true,2443,kebabcase,2,ruby is cool,trackpad,no,
19,true,4101.999999999985,kebabcase,3,orientation test,trackpad,no,
19,true,5526,camelcase,2,move over there,trackpad,no,
19,true,7896,kebabcase,1,conjugate gradient descent,trackpad,no,
19,true,4144,camelcase,1,medial axis transform,trackpad,no,
19,false,1696,kebabcase,2,large data set,trackpad,no,
19,true,12350.00000000003,camelcase,1,feedforward neural network,trackpad,no,
19,true,9585,camelcase,3,counter clockwise,trackpad,no,
19,true,6200,camelcase,3,origin point,trackpad,no,
19,true,16105,camelcase,2,euclidean distance,trackpad,no,
19,true,2685,kebabcase,1,turing machine,trackpad,no,
19,true,1375,kebabcase,0,singleton factory,trackpad,no,
19,true,2667,camelcase,0,train test split,trackpad,no,
19,true,2555,camelcase,3,up down right,trackpad,no,
19,true,2070,camelcase,0,delaunay triangulation,trackpad,no,
19,true,3420,kebabcase,1,sin cos tan,trackpad,no,
19,true,4317,kebabcase,0,new fixed thread pool,trackpad,no,
19,false,3199,camelcase,3,terminate experiment!,trackpad,no,
20,true,4031.8000000715256,camelcase,1,event bus,mouse,yes,
20,true,10351.5,camelcase,2,add event listener,mouse,yes,
20,true,5304.100000023842,kebabcase,3,get by class,mouse,yes,
20,true,3856,kebabcase,0,cookie clicker,mouse,yes,
20,true,3553.899999976158,camelcase,0,word array,mouse,yes,
20,true,5144.100000023842,camelcase,2,is outer face,mouse,yes,
20,true,5144.100000023842,camelcase,2,ruby is cool,mouse,yes,
20,true,4416,camelcase,3,orientation test,mouse,yes,
20,true,4576.200000047684,kebabcase,2,move over there,mouse,yes,
20,true,4599.799999952316,camelcase,1,conjugate gradient descent,mouse,yes,
20,true,9152.100000023842,kebabcase,1,medial axis transform,mouse,yes,
20,true,3336.2999999523163,camelcase,2,large data set,mouse,yes,
20,true,7336.099999904633,kebabcase,1,feedforward neural network,mouse,yes,
20,true,6752,kebabcase,3,counter clockwise,mouse,yes,
20,true,3776,kebabcase,3,origin point,mouse,yes,
20,true,11823.900000095367,kebabcase,2,euclidean distance,mouse,yes,
20,true,3952,camelcase,1,turing machine,mouse,yes,
20,true,7071.899999976158,camelcase,0,singleton factory,mouse,yes,
20,true,3584,kebabcase,0,train test split,mouse,yes,
20,true,2518.899999976158,kebabcase,3,up down right,mouse,yes,
20,true,6128.200000047684,kebabcase,0,delaunay triangulation,mouse,yes,
20,true,3392,camelcase,1,sin cos tan,mouse,yes,
20,true,7735.5,camelcase,0,new fixed thread pool,mouse,yes,
20,true,5136,kebabcase,3,terminate experiment!,mouse,yes,
21,true,4664,camelcase,0,event bus,trackpad,yes,
21,false,1287,camelcase,3,add event listener,trackpad,yes,
21,true,1975,kebabcase,3,get by class,trackpad,yes,
21,true,2105,kebabcase,1,cookie clicker,trackpad,yes,
21,true,2092,camelcase,0,word array,trackpad,yes,
21,false,2878,camelcase,0,is outer face,trackpad,yes,
21,true,2216,camelcase,3,ruby is cool,trackpad,yes,
21,true,1768,camelcase,1,orientation test,trackpad,yes,
21,true,1785,kebabcase,3,move over there,trackpad,yes,
21,true,2662,camelcase,1,conjugate gradient descent,trackpad,yes,
21,true,1723,kebabcase,2,medial axis transform,trackpad,yes,
21,true,2262,camelcase,0,large data set,trackpad,yes,
21,false,3603,kebabcase,3,feedforward neural network,trackpad,yes,
21,true,5819,kebabcase,3,counter clockwise,trackpad,yes,
21,false,2305,kebabcase,2,origin point,trackpad,yes,
21,true,1775,kebabcase,2,euclidean distance,trackpad,yes,
21,true,1628,camelcase,2,turing machine,trackpad,yes,
21,true,2808,camelcase,1,singleton factory,trackpad,yes,
21,true,1988,kebabcase,0,train test split,trackpad,yes,
21,true,1629,kebabcase,0,up down right,trackpad,yes,
21,true,2458,kebabcase,1,delaunay triangulation,trackpad,yes,
21,true,1593,camelcase,1,sin cos tan,trackpad,yes,
21,true,2773,camelcase,2,new fixed thread pool,trackpad,yes,
21,true,1823,kebabcase,2,terminate experiment!,trackpad,yes,
22,true,25456,camelcase,1,event bus,touch,no,
22,true,29320.999999999993,camelcase,2,add event listener,touch,no,
22,true,9725,kebabcase,3,get by class,touch,no,
22,true,18741,kebabcase,0,cookie clicker,touch,no,
22,true,15816,camelcase,0,word array,touch,no,
22,false,19796.999999999985,camelcase,2,is outer face,touch,no,
22,true,12256.99999999997,camelcase,2,ruby is cool,touch,no,
22,true,17695,camelcase,3,orientation test,touch,no,
22,true,8158,kebabcase,2,move over there,touch,no,
22,true,25841.00000000003,camelcase,1,conjugate gradient descent,touch,no,
22,true,22258,kebabcase,1,medial axis transform,touch,no,
22,false,16309,camelcase,2,large data set,touch,no,
22,true,13441,kebabcase,1,feedforward neural network,touch,no,
22,true,28986,kebabcase,3,counter clockwise,touch,no,
22,true,10579,kebabcase,3,origin point,touch,no,
22,true,23845,kebabcase,2,euclidean distance,touch,no,
22,true,9642.000000000058,camelcase,1,turing machine,touch,no,
22,true,13066,camelcase,0,singleton factory,touch,no,
22,true,11416.999999999942,kebabcase,0,train test split,touch,no,
22,true,4850,kebabcase,3,up down right,touch,no,
22,true,8300.999999999942,kebabcase,0,delaunay triangulation,touch,no,
22,true,6880,camelcase,1,sin cos tan,touch,no,
22,true,28216,camelcase,0,new fixed thread pool,touch,no,
22,false,5497,kebabcase,3,terminate experiment!,touch,no,
23,true,6238.600000023842,camelcase,1,event bus,touch,no,
23,false,6973,camelcase,2,add event listener,touch,no,
23,true,3696.2000000476837,kebabcase,3,get by class,touch,no,
23,true,13988.199999928474,kebabcase,0,cookie clicker,touch,no,
23,true,8823.600000023842,camelcase,0,word array,touch,no,
23,true,16080,camelcase,2,is outer face,touch,no,
23,true,9163.099999904633,camelcase,2,ruby is cool,touch,no,
23,false,4688.099999904633,camelcase,3,orientation test,touch,no,
23,true,2289,kebabcase,2,move over there,touch,no,
23,true,8217,camelcase,1,conjugate gradient descent,touch,no,
23,true,9391.200000047684,kebabcase,1,medial axis transform,touch,no,
23,true,6620.399999976158,camelcase,2,large data set,touch,no,
23,true,12972.299999952316,kebabcase,1,feedforward neural network,touch,no,
23,true,8329.600000023842,kebabcase,3,counter clockwise,touch,no,
23,true,4899.5,kebabcase,3,origin point,touch,no,
23,true,13769.600000023842,kebabcase,2,euclidean distance,touch,no,
23,true,2910.0999999046326,camelcase,1,turing machine,touch,no,
23,true,4425.700000047684,camelcase,0,singleton factory,touch,no,
23,true,3728.600000023842,kebabcase,0,train test split,touch,no,
23,true,2774.5,kebabcase,3,up down right,touch,no,
23,true,7415.800000071526,kebabcase,0,delaunay triangulation,touch,no,
23,true,5677.699999928474,camelcase,1,sin cos tan,touch,no,
23,true,12790.699999928474,camelcase,0,new fixed thread pool,touch,no,
23,true,6910.799999952316,kebabcase,3,terminate experiment!,touch,no,
24,true,1523.300000000745,camelcase,1,event bus,mouse,yes,
24,false,1412.5,camelcase,2,add event listener,mouse,yes,
24,true,2556.400000002235,kebabcase,3,get by class,mouse,yes,
24,true,1654,kebabcase,0,cookie clicker,mouse,yes,
24,true,1718,camelcase,0,word array,mouse,yes,
24,false,1470,camelcase,2,is outer face,mouse,yes,
24,true,2421.900000002235,camelcase,2,ruby is cool,mouse,yes,
24,true,2437.400000002235,camelcase,3,orientation test,mouse,yes,
24,true,1681.699999999255,kebabcase,2,move over there,mouse,yes,
24,true,2211.800000000745,camelcase,1,conjugate gradient descent,mouse,yes,
24,true,3906.400000002235,kebabcase,1,medial axis transform,mouse,yes,
24,false,4100.800000000745,camelcase,2,large data set,mouse,yes,
24,true,3111.699999999255,kebabcase,1,feedforward neural network,mouse,yes,
24,true,4414,kebabcase,3,counter clockwise,mouse,yes,
24,true,2122.199999999255,kebabcase,3,origin point,mouse,yes,
24,true,1612.800000000745,kebabcase,2,euclidean distance,mouse,yes,
24,true,2228.7999999970198,camelcase,1,turing machine,mouse,yes,
24,true,2341.800000000745,camelcase,0,singleton factory,mouse,yes,
24,true,1259.9000000022352,kebabcase,0,train test split,mouse,yes,
24,true,2045.9000000022352,kebabcase,3,up down right,mouse,yes,
24,false,3544.60000000149,kebabcase,0,delaunay triangulation,mouse,yes,
24,true,2397.900000002235,camelcase,1,sin cos tan,mouse,yes,
24,true,2023.8999999985099,camelcase,0,new fixed thread pool,mouse,yes,
24,false,3052,kebabcase,3,terminate experiment!,mouse,yes,
25,true,1317,kebabcase,1,event bus,trackpad,no,
25,false,1630,kebabcase,2,add event listener,trackpad,no,
25,true,3108.0000000000146,camelcase,3,get by class,trackpad,no,
25,true,3371,camelcase,0,cookie clicker,trackpad,no,
25,true,1166,kebabcase,0,word array,trackpad,no,
25,false,2261,kebabcase,2,is outer face,trackpad,no,
25,true,2443,kebabcase,2,ruby is cool,trackpad,no,
25,true,4101.999999999985,kebabcase,3,orientation test,trackpad,no,
25,true,5526,camelcase,2,move over there,trackpad,no,
25,true,7896,kebabcase,1,conjugate gradient descent,trackpad,no,
25,true,4144,camelcase,1,medial axis transform,trackpad,no,
25,false,1696,kebabcase,2,large data set,trackpad,no,
25,true,12350.00000000003,camelcase,1,feedforward neural network,trackpad,no,
25,true,9585,camelcase,3,counter clockwise,trackpad,no,
25,true,6200,camelcase,3,origin point,trackpad,no,
25,true,16105,camelcase,2,euclidean distance,trackpad,no,
25,true,2685,kebabcase,1,turing machine,trackpad,no,
25,true,1375,kebabcase,0,singleton factory,trackpad,no,
25,true,2667,camelcase,0,train test split,trackpad,no,
25,true,2555,camelcase,3,up down right,trackpad,no,
25,true,2070,camelcase,0,delaunay triangulation,trackpad,no,
25,true,3420,kebabcase,1,sin cos tan,trackpad,no,
25,true,4317,kebabcase,0,new fixed thread pool,trackpad,no,
25,false,3199,camelcase,3,terminate experiment!,trackpad,no,